cv_rmse,test_rmse,cv_rmse_se,test_rmse_se,train_mt560,nlperf_only,dataset_features,lang_features,with_trfm,with_small100_ft,with_small100_noft,with_model_noft
7.872314840831747,13.007196833091703,0.015599490024667175,2.7519201823675253e-15,True,False,True,True,True,True,True,True
14.040024449584905,8.96704220179151,0.013507996382170933,1.3759600911837627e-15,True,True,False,False,False,False,False,False
13.793775485966933,9.269296057464963,0.012042471098099278,1.1234667099445444e-15,True,False,True,False,False,False,False,False
15.470511474100698,9.920760402523038,0.00875223735931364,3.640448215221994e-15,True,False,False,True,False,False,False,False
13.582160664060705,8.797889627544196,0.015538710241409908,2.6347629809804343e-15,True,False,True,True,False,False,False,False
12.988268312895183,7.861626807751511,0.020404606293103228,2.4161065164093008e-15,True,False,True,True,True,False,False,False
11.161535229351651,6.637567373241647,0.008612518830343443,3.1275989552275635e-15,True,False,True,True,False,True,False,False
11.146996084209999,15.401483645005081,0.01120568472459124,1.5888218580782547e-15,True,False,True,True,False,False,True,False
8.110928921232338,17.125732764310577,0.00926212244730384,4.203627514058621e-15,True,False,True,True,False,False,False,True
