cv_rmse,test_rmse,cv_rmse_se,test_rmse_se,train_portion,train_regressor_size
6.158486316,6.82528266,1.54772775,0.4884384558,0.05,42
5.668382758,5.816081956,0.9593097623,0.3683180758,0.1,83
4.832645849,5.063158849,0.6653521975,0.3577446401,0.2,166
4.596242769,4.500774341,0.3364011792,0.3215388942,0.35,291
4.1303401,4.294747696,0.3050574723,0.3188960239,0.5,415
3.917975621,4.024581254,0.2557984811,0.2819659742,0.75,622
3.838747824,3.910392416,0.1462605204,0.2677406016,0.9,747
3.76388757,3.787885073,0.1878052316,0.247351779,1,830