cv_rmse,test_rmse,cv_rmse_se,test_rmse_se,nlperf_only,dataset_features,lang_features,with_trfm,with_small100_ft,with_small100_noft,with_model_noft
7.938265488054026,7.831015217089982,0.11976707831047916,0.23895417874789057,False,True,True,True,True,True,True
13.951467744141265,16.225501083591087,0.18922649204101274,3.5089944674688702,True,False,False,False,False,False,False
13.732981722880126,15.02893159144225,0.1770609027049391,1.6745412863159572,False,True,False,False,False,False,False
15.352608788583595,15.749710228487952,0.1526637062323851,0.3828090248643704,False,False,True,False,False,False,False
13.511391683414015,15.383835268033659,0.16736470866430816,2.766698666627095,False,True,True,False,False,False,False
12.894382390304296,14.23069347854889,0.19834038768825069,1.4788465108959283,False,True,True,True,False,False,False
11.141982737829915,12.208927133312693,0.1024701568202509,1.5067678340574908,False,True,True,False,True,False,False
11.15734357326104,11.94801191576904,0.14066860725723687,1.3342397591411392,False,True,True,False,False,True,False
8.155472168345115,8.059364677616104,0.09652016120761263,0.20477321137014937,False,True,True,False,False,False,True
